filename,text,tier
clean/plate_0000.png,AM32ULG,clean
clean/plate_0001.png,BL24HTH,clean
clean/plate_0002.png,PW29WBB,clean
clean/plate_0003.png,PH32UGT,clean
clean/plate_0004.png,GS61TLX,clean
clean/plate_0005.png,NF67DHP,clean
clean/plate_0006.png,GE82GHZ,clean
clean/plate_0007.png,HM27WCT,clean
clean/plate_0008.png,NS76DXB,clean
clean/plate_0009.png,AX88DXJ,clean
clean/plate_0010.png,PD78ZDM,clean
clean/plate_0011.png,ZK57FYA,clean
clean/plate_0012.png,ZN86FWM,clean
clean/plate_0013.png,WT99FLL,clean
clean/plate_0014.png,RK29WAR,clean
clean/plate_0015.png,VK17VWN,clean
clean/plate_0016.png,KY74UMY,clean
clean/plate_0017.png,TG98KDP,clean
clean/plate_0018.png,LG69UUD,clean
clean/plate_0019.png,LA92YXT,clean
clean/plate_0020.png,BF62RBN,clean
clean/plate_0021.png,UF48JMT,clean
clean/plate_0022.png,UG05SKY,clean
clean/plate_0023.png,JD85PHA,clean
clean/plate_0024.png,BA30YMN,clean
clean/plate_0025.png,WM30MNK,clean
clean/plate_0026.png,UY46RVB,clean
clean/plate_0027.png,TS26XBA,clean
clean/plate_0028.png,DB34KKJ,clean
clean/plate_0029.png,LP86MFK,clean
clean/plate_0030.png,MW96SEL,clean
clean/plate_0031.png,WA53GXX,clean
clean/plate_0032.png,SN48KYL,clean
clean/plate_0033.png,HU35ASC,clean
clean/plate_0034.png,ZW00HNE,clean
clean/plate_0035.png,ZS32XRS,clean
clean/plate_0036.png,HW58LZY,clean
clean/plate_0037.png,FY52ZLD,clean
clean/plate_0038.png,CR10LBT,clean
clean/plate_0039.png,RR44SHM,clean
clean/plate_0040.png,TK17DMV,clean
clean/plate_0041.png,WG05HST,clean
clean/plate_0042.png,CC33XTW,clean
clean/plate_0043.png,FU15FSU,clean
clean/plate_0044.png,LY15FDR,clean
clean/plate_0045.png,LH78BDT,clean
clean/plate_0046.png,KJ67CSR,clean
clean/plate_0047.png,CK33NEV,clean
clean/plate_0048.png,LB99VVA,clean
clean/plate_0049.png,SH90UHY,clean
clean/plate_0050.png,PY84KFX,clean
clean/plate_0051.png,KW97VMR,clean
clean/plate_0052.png,LX95TET,clean
clean/plate_0053.png,RV78WYY,clean
clean/plate_0054.png,UG97CRA,clean
clean/plate_0055.png,LD43PSF,clean
clean/plate_0056.png,GX03TTL,clean
clean/plate_0057.png,HW78CJL,clean
clean/plate_0058.png,YV21RRV,clean
clean/plate_0059.png,PV33MCX,clean
clean/plate_0060.png,RA53EYN,clean
clean/plate_0061.png,VC03UEV,clean
clean/plate_0062.png,HP09BZT,clean
clean/plate_0063.png,DB45BEK,clean
clean/plate_0064.png,ZT73NNE,clean
clean/plate_0065.png,NV33MHW,clean
clean/plate_0066.png,PC54RYH,clean
clean/plate_0067.png,VS92MMD,clean
clean/plate_0068.png,BY28HSS,clean
clean/plate_0069.png,XN60LHK,clean
clean/plate_0070.png,ZY61BDW,clean
clean/plate_0071.png,UX46JBM,clean
clean/plate_0072.png,SG04ESP,clean
clean/plate_0073.png,XJ47DTV,clean
clean/plate_0074.png,PV06SNJ,clean
clean/plate_0075.png,ZA92FTU,clean
clean/plate_0076.png,LM13LUR,clean
clean/plate_0077.png,AX68UDD,clean
clean/plate_0078.png,BG43VTT,clean
clean/plate_0079.png,MT33GNK,clean
clean/plate_0080.png,ZA90WDM,clean
clean/plate_0081.png,FU26EMJ,clean
clean/plate_0082.png,FH19BXM,clean
clean/plate_0083.png,AB79ZJD,clean
clean/plate_0084.png,UX10WSZ,clean
clean/plate_0085.png,JU70VUS,clean
clean/plate_0086.png,GF25CSK,clean
clean/plate_0087.png,ZX32PDD,clean
clean/plate_0088.png,TP16GBS,clean
clean/plate_0089.png,BE00WLH,clean
clean/plate_0090.png,MG68VAA,clean
clean/plate_0091.png,SH25VAA,clean
clean/plate_0092.png,BX72FCD,clean
clean/plate_0093.png,SC67EFD,clean
clean/plate_0094.png,JP17DVF,clean
clean/plate_0095.png,JK36BEH,clean
clean/plate_0096.png,FM21XNA,clean
clean/plate_0097.png,CE09JKR,clean
clean/plate_0098.png,YF65LDH,clean
clean/plate_0099.png,KU02JMZ,clean
clean/plate_0100.png,DD91LUV,clean
clean/plate_0101.png,ZK98PJS,clean
clean/plate_0102.png,RN00TTJ,clean
clean/plate_0103.png,YU19DVB,clean
clean/plate_0104.png,KB06VTG,clean
clean/plate_0105.png,LH48JTP,clean
clean/plate_0106.png,VT65JPF,clean
clean/plate_0107.png,GS20MLA,clean
clean/plate_0108.png,TN34ZNR,clean
clean/plate_0109.png,VV11JDN,clean
clean/plate_0110.png,NV23EYS,clean
clean/plate_0111.png,VR90NAU,clean
clean/plate_0112.png,CU67JNH,clean
clean/plate_0113.png,TJ33PDD,clean
clean/plate_0114.png,CL19UXM,clean
clean/plate_0115.png,KE03XJY,clean
clean/plate_0116.png,PP07LNV,clean
clean/plate_0117.png,NP72ZBD,clean
clean/plate_0118.png,EZ81ZTE,clean
clean/plate_0119.png,KA26EBT,clean
clean/plate_0120.png,ER35XGP,clean
clean/plate_0121.png,AK12WDU,clean
clean/plate_0122.png,PC25MVA,clean
clean/plate_0123.png,RW23BJP,clean
clean/plate_0124.png,ER10CFG,clean
clean/plate_0125.png,EA48ZMA,clean
clean/plate_0126.png,JK60KXF,clean
clean/plate_0127.png,KN01WCL,clean
clean/plate_0128.png,GK72JHM,clean
clean/plate_0129.png,FF51YER,clean
clean/plate_0130.png,NP65ZNE,clean
clean/plate_0131.png,RP87TJW,clean
clean/plate_0132.png,BX35ABP,clean
clean/plate_0133.png,KE23LJG,clean
clean/plate_0134.png,NU21ECL,clean
clean/plate_0135.png,MF54VFA,clean
clean/plate_0136.png,CD19SGU,clean
clean/plate_0137.png,YP34HLY,clean
clean/plate_0138.png,FC88JVP,clean
clean/plate_0139.png,AM11BFC,clean
clean/plate_0140.png,JC23ADZ,clean
clean/plate_0141.png,AH72DZX,clean
clean/plate_0142.png,BZ31WRU,clean
clean/plate_0143.png,CJ00GKS,clean
clean/plate_0144.png,DV78PBD,clean
clean/plate_0145.png,YZ90TJD,clean
clean/plate_0146.png,TL50XDC,clean
clean/plate_0147.png,ZD07FUT,clean
clean/plate_0148.png,ER90ZHR,clean
clean/plate_0149.png,TD97EEG,clean
clean/plate_0150.png,JS71UGS,clean
clean/plate_0151.png,DA24UAY,clean
clean/plate_0152.png,TB02XJY,clean
clean/plate_0153.png,NF21NVB,clean
clean/plate_0154.png,MR46YSA,clean
clean/plate_0155.png,WZ13VMZ,clean
clean/plate_0156.png,DP42NCA,clean
clean/plate_0157.png,XT42KGZ,clean
clean/plate_0158.png,EK84TCH,clean
clean/plate_0159.png,CA53BED,clean
clean/plate_0160.png,ZU64NZH,clean
clean/plate_0161.png,UC10LAD,clean
clean/plate_0162.png,ES89PDL,clean
clean/plate_0163.png,DE81RSL,clean
clean/plate_0164.png,ST15MJE,clean
clean/plate_0165.png,WR23NAE,clean
clean/plate_0166.png,MJ67REB,clean
clean/plate_0167.png,TR15NJX,clean
clean/plate_0168.png,BG17LKH,clean
clean/plate_0169.png,CK85ZRY,clean
clean/plate_0170.png,NY86ERF,clean
clean/plate_0171.png,PJ20RXN,clean
clean/plate_0172.png,ZG53UNS,clean
clean/plate_0173.png,TP87WBP,clean
clean/plate_0174.png,TN93FBZ,clean
clean/plate_0175.png,AY89ESG,clean
clean/plate_0176.png,RP40LGY,clean
clean/plate_0177.png,TW77ZLM,clean
clean/plate_0178.png,AH84EFS,clean
clean/plate_0179.png,GF02FXE,clean
clean/plate_0180.png,MX76WDS,clean
clean/plate_0181.png,UM14JUN,clean
clean/plate_0182.png,PV03VFF,clean
clean/plate_0183.png,VU01JFY,clean
clean/plate_0184.png,AC77AGC,clean
clean/plate_0185.png,LY00KVG,clean
clean/plate_0186.png,JN93DRF,clean
clean/plate_0187.png,UA83VBN,clean
clean/plate_0188.png,WW85DZW,clean
clean/plate_0189.png,SF81FVD,clean
clean/plate_0190.png,VP02PZP,clean
clean/plate_0191.png,FU45GVS,clean
clean/plate_0192.png,AT86KAP,clean
clean/plate_0193.png,AF08AYZ,clean
clean/plate_0194.png,FF15KHW,clean
clean/plate_0195.png,HF25GHG,clean
clean/plate_0196.png,EM55BDW,clean
clean/plate_0197.png,YB36VTU,clean
clean/plate_0198.png,HG24HNF,clean
clean/plate_0199.png,VU31EJJ,clean
clean/plate_0200.png,WN59WWE,clean
clean/plate_0201.png,CS74VMJ,clean
clean/plate_0202.png,JX19GRL,clean
clean/plate_0203.png,RC31SMH,clean
clean/plate_0204.png,LE86JND,clean
clean/plate_0205.png,HA09VFY,clean
clean/plate_0206.png,BG21CMZ,clean
clean/plate_0207.png,GE19XDK,clean
clean/plate_0208.png,VR24RWE,clean
clean/plate_0209.png,CT83ZJX,clean
clean/plate_0210.png,VF04USS,clean
clean/plate_0211.png,GH29VUP,clean
clean/plate_0212.png,LR84PJB,clean
clean/plate_0213.png,TT38FLZ,clean
clean/plate_0214.png,AT46SEY,clean
clean/plate_0215.png,XL51VNF,clean
clean/plate_0216.png,DU25YXN,clean
clean/plate_0217.png,GV42XAC,clean
clean/plate_0218.png,CK99FWA,clean
clean/plate_0219.png,ZR02PNA,clean
clean/plate_0220.png,VM63FCS,clean
clean/plate_0221.png,CB19HHM,clean
clean/plate_0222.png,RC19HNA,clean
clean/plate_0223.png,SY05NJN,clean
clean/plate_0224.png,SP26KGZ,clean
clean/plate_0225.png,HR23JPC,clean
clean/plate_0226.png,DG36DAX,clean
clean/plate_0227.png,KE31NMJ,clean
clean/plate_0228.png,SY68MSP,clean
clean/plate_0229.png,WK29BJP,clean
clean/plate_0230.png,UR01SWW,clean
clean/plate_0231.png,FK83RKJ,clean
clean/plate_0232.png,MP53TNV,clean
clean/plate_0233.png,KU53NEP,clean
clean/plate_0234.png,TP41XAA,clean
clean/plate_0235.png,LS42CNJ,clean
clean/plate_0236.png,BV37UCJ,clean
clean/plate_0237.png,PD43RTT,clean
clean/plate_0238.png,CU75PJP,clean
clean/plate_0239.png,NU15YKZ,clean
clean/plate_0240.png,BB27SZF,clean
clean/plate_0241.png,BZ78NAK,clean
clean/plate_0242.png,BH37JPV,clean
clean/plate_0243.png,YG06SZD,clean
clean/plate_0244.png,SV41WAT,clean
clean/plate_0245.png,LY90NSG,clean
clean/plate_0246.png,TZ98SNA,clean
clean/plate_0247.png,AY49EED,clean
clean/plate_0248.png,ZC86YRA,clean
clean/plate_0249.png,NF90SGV,clean
clean/plate_0250.png,YV82SDU,clean
clean/plate_0251.png,HR17AUP,clean
clean/plate_0252.png,KF03ZZV,clean
clean/plate_0253.png,YH54YXW,clean
clean/plate_0254.png,PR06WFC,clean
clean/plate_0255.png,JW82JHU,clean
clean/plate_0256.png,BZ21RUD,clean
clean/plate_0257.png,NX43YDL,clean
clean/plate_0258.png,BD64VYE,clean
clean/plate_0259.png,RB17BWE,clean
clean/plate_0260.png,AT80TXC,clean
clean/plate_0261.png,PU24KTL,clean
clean/plate_0262.png,TT95VFX,clean
clean/plate_0263.png,AP91WND,clean
clean/plate_0264.png,BT20HWD,clean
clean/plate_0265.png,PG44JGL,clean
clean/plate_0266.png,LT70CFA,clean
clean/plate_0267.png,KF53PWA,clean
clean/plate_0268.png,HA28JVR,clean
clean/plate_0269.png,XR02KHN,clean
clean/plate_0270.png,MM36JTC,clean
clean/plate_0271.png,JY03NZJ,clean
clean/plate_0272.png,ZV77HTM,clean
clean/plate_0273.png,EH60NNR,clean
clean/plate_0274.png,EM94VSY,clean
clean/plate_0275.png,TN22PVW,clean
clean/plate_0276.png,VV62GMN,clean
clean/plate_0277.png,WU33LUS,clean
clean/plate_0278.png,RW25PAK,clean
clean/plate_0279.png,JW31LGW,clean
clean/plate_0280.png,EN00ACK,clean
clean/plate_0281.png,EW14XYH,clean
clean/plate_0282.png,GK10GTV,clean
clean/plate_0283.png,BV98PXL,clean
clean/plate_0284.png,ZE40LWZ,clean
clean/plate_0285.png,HA97PPW,clean
clean/plate_0286.png,EV80XMN,clean
clean/plate_0287.png,HX07WPP,clean
clean/plate_0288.png,EX40KHK,clean
clean/plate_0289.png,CY37YWL,clean
clean/plate_0290.png,GX21SMB,clean
clean/plate_0291.png,BE59VWC,clean
clean/plate_0292.png,GK24KJR,clean
clean/plate_0293.png,AR86EHL,clean
clean/plate_0294.png,LC91SXB,clean
clean/plate_0295.png,ZH28VMC,clean
clean/plate_0296.png,CU58AMM,clean
clean/plate_0297.png,RJ49NYM,clean
clean/plate_0298.png,SS00KAV,clean
clean/plate_0299.png,KD84AHW,clean
clean/plate_0300.png,AY39NNF,clean
clean/plate_0301.png,UU64XZA,clean
clean/plate_0302.png,FW51NKZ,clean
clean/plate_0303.png,LP23BGW,clean
clean/plate_0304.png,BP70TWU,clean
clean/plate_0305.png,YZ19ZWC,clean
clean/plate_0306.png,KH11GYE,clean
clean/plate_0307.png,UL80LFN,clean
clean/plate_0308.png,BK72EAL,clean
clean/plate_0309.png,JM44SZB,clean
clean/plate_0310.png,GC71KNC,clean
clean/plate_0311.png,PS66EPF,clean
clean/plate_0312.png,MH02NCU,clean
clean/plate_0313.png,RA36TNB,clean
clean/plate_0314.png,NH60MBE,clean
clean/plate_0315.png,JA98VDA,clean
clean/plate_0316.png,BH02MEA,clean
clean/plate_0317.png,RM97ZWM,clean
clean/plate_0318.png,NB09ZUP,clean
clean/plate_0319.png,SK54JXV,clean
clean/plate_0320.png,KZ45HTC,clean
clean/plate_0321.png,WN55TGK,clean
clean/plate_0322.png,FF95EDS,clean
clean/plate_0323.png,HP16EKU,clean
clean/plate_0324.png,EP60EGM,clean
clean/plate_0325.png,MG01RHY,clean
clean/plate_0326.png,LP05TRV,clean
clean/plate_0327.png,HV54RVJ,clean
clean/plate_0328.png,DY57VBL,clean
clean/plate_0329.png,XT98NPK,clean
clean/plate_0330.png,DU33LZW,clean
clean/plate_0331.png,AM70FHZ,clean
clean/plate_0332.png,HA19FFA,clean
clean/plate_0333.png,EZ97GYE,clean
clean/plate_0334.png,FU25HFN,clean
clean/plate_0335.png,XF42RSH,clean
clean/plate_0336.png,LX20EHY,clean
clean/plate_0337.png,CP93HFT,clean
clean/plate_0338.png,CW98EWA,clean
clean/plate_0339.png,LJ52NBR,clean
clean/plate_0340.png,UH10AZN,clean
clean/plate_0341.png,PX22SRR,clean
clean/plate_0342.png,ZB66KSA,clean
clean/plate_0343.png,NB59LFW,clean
clean/plate_0344.png,BX74BES,clean
clean/plate_0345.png,MT26RPE,clean
clean/plate_0346.png,FA03ZNG,clean
clean/plate_0347.png,NJ61KVR,clean
clean/plate_0348.png,TG99YSV,clean
clean/plate_0349.png,CJ98PBV,clean
clean/plate_0350.png,KW32PPK,clean
clean/plate_0351.png,ND21FZU,clean
clean/plate_0352.png,DL94ULH,clean
clean/plate_0353.png,PZ22GVT,clean
clean/plate_0354.png,XF56ZRT,clean
clean/plate_0355.png,EE37TXU,clean
clean/plate_0356.png,KC68BNZ,clean
clean/plate_0357.png,XM64RVW,clean
clean/plate_0358.png,LT67WJV,clean
clean/plate_0359.png,AW72GND,clean
clean/plate_0360.png,CN62ADP,clean
clean/plate_0361.png,PJ57YTN,clean
clean/plate_0362.png,DF47PJA,clean
clean/plate_0363.png,PT24YBM,clean
clean/plate_0364.png,FJ44CTV,clean
clean/plate_0365.png,GG86UPA,clean
clean/plate_0366.png,BC70HPG,clean
clean/plate_0367.png,GT60FBZ,clean
clean/plate_0368.png,AW41GJY,clean
clean/plate_0369.png,WS97VSE,clean
clean/plate_0370.png,MN94TAK,clean
clean/plate_0371.png,NZ74TAV,clean
clean/plate_0372.png,YA59XUB,clean
clean/plate_0373.png,JJ20HCM,clean
clean/plate_0374.png,WA73KEB,clean
clean/plate_0375.png,KU67MWM,clean
clean/plate_0376.png,JY82GAT,clean
clean/plate_0377.png,XT68JDV,clean
clean/plate_0378.png,PA58NZW,clean
clean/plate_0379.png,TG17GZA,clean
clean/plate_0380.png,XY15CTC,clean
clean/plate_0381.png,NM59KPW,clean
clean/plate_0382.png,HE72HXS,clean
clean/plate_0383.png,EF37YVB,clean
clean/plate_0384.png,JZ87BYU,clean
clean/plate_0385.png,CX76SLL,clean
clean/plate_0386.png,UU90RGR,clean
clean/plate_0387.png,BU94MTW,clean
clean/plate_0388.png,GT48TRP,clean
clean/plate_0389.png,SN12HVN,clean
clean/plate_0390.png,WA51UUD,clean
clean/plate_0391.png,NX18EAX,clean
clean/plate_0392.png,WB10RVE,clean
clean/plate_0393.png,UW33JZT,clean
clean/plate_0394.png,RB35BPS,clean
clean/plate_0395.png,HG55ZRA,clean
clean/plate_0396.png,YG15LLX,clean
clean/plate_0397.png,BM21TSW,clean
clean/plate_0398.png,JJ04MTU,clean
clean/plate_0399.png,SB12HXL,clean
normal/plate_0000.png,LX68WCB,normal
normal/plate_0001.png,SV40HPP,normal
normal/plate_0002.png,FW27HDT,normal
normal/plate_0003.png,KC65CUM,normal
normal/plate_0004.png,MX95UKX,normal
normal/plate_0005.png,VU14DHK,normal
normal/plate_0006.png,EU64YXH,normal
normal/plate_0007.png,GP67RDW,normal
normal/plate_0008.png,EE34WVU,normal
normal/plate_0009.png,KJ61JKA,normal
normal/plate_0010.png,HS26GCV,normal
normal/plate_0011.png,CK90AGU,normal
normal/plate_0012.png,SE28UHV,normal
normal/plate_0013.png,CD49RTT,normal
normal/plate_0014.png,TM80BDZ,normal
normal/plate_0015.png,UC87DBW,normal
normal/plate_0016.png,HC54FZG,normal
normal/plate_0017.png,FK11KEA,normal
normal/plate_0018.png,EE24BBL,normal
normal/plate_0019.png,JU43HVD,normal
normal/plate_0020.png,GK28NKK,normal
normal/plate_0021.png,YS34YVU,normal
normal/plate_0022.png,CJ76FMH,normal
normal/plate_0023.png,JN65YHL,normal
normal/plate_0024.png,NS92KDL,normal
normal/plate_0025.png,TP39APD,normal
normal/plate_0026.png,TC16TXG,normal
normal/plate_0027.png,SU08ENJ,normal
normal/plate_0028.png,XF64MNG,normal
normal/plate_0029.png,YD26ZNZ,normal
normal/plate_0030.png,MV01NZH,normal
normal/plate_0031.png,YJ81KBV,normal
normal/plate_0032.png,VX91ABK,normal
normal/plate_0033.png,WW03KED,normal
normal/plate_0034.png,YD79DGU,normal
normal/plate_0035.png,AE47YAF,normal
normal/plate_0036.png,PS85SNK,normal
normal/plate_0037.png,FH21MKB,normal
normal/plate_0038.png,LF74CAE,normal
normal/plate_0039.png,VW30AMD,normal
normal/plate_0040.png,CR26NEX,normal
normal/plate_0041.png,TX62JBZ,normal
normal/plate_0042.png,UE07PFG,normal
normal/plate_0043.png,TG59VWK,normal
normal/plate_0044.png,LG57EFX,normal
normal/plate_0045.png,EU01AKD,normal
normal/plate_0046.png,UP74XEU,normal
normal/plate_0047.png,RU91YED,normal
normal/plate_0048.png,SM99KZA,normal
normal/plate_0049.png,AN10NLP,normal
normal/plate_0050.png,UB25HXA,normal
normal/plate_0051.png,AU42HEJ,normal
normal/plate_0052.png,LR49ANF,normal
normal/plate_0053.png,FH15XUE,normal
normal/plate_0054.png,WE20KCP,normal
normal/plate_0055.png,MB31HVF,normal
normal/plate_0056.png,SW71WBA,normal
normal/plate_0057.png,MW40RVW,normal
normal/plate_0058.png,CK56KRK,normal
normal/plate_0059.png,PZ65BMF,normal
normal/plate_0060.png,BE23CYD,normal
normal/plate_0061.png,EC26XTK,normal
normal/plate_0062.png,HV89ZEH,normal
normal/plate_0063.png,SY83YSP,normal
normal/plate_0064.png,FP73MCE,normal
normal/plate_0065.png,JT78KVP,normal
normal/plate_0066.png,NU51EYB,normal
normal/plate_0067.png,JE12VDK,normal
normal/plate_0068.png,KM79REM,normal
normal/plate_0069.png,HG72ZBV,normal
normal/plate_0070.png,TP30DCE,normal
normal/plate_0071.png,GG67YVN,normal
normal/plate_0072.png,KP92AUM,normal
normal/plate_0073.png,AC15KND,normal
normal/plate_0074.png,XC04BJH,normal
normal/plate_0075.png,TB30WXA,normal
normal/plate_0076.png,YD69TZU,normal
normal/plate_0077.png,NR59ZTG,normal
normal/plate_0078.png,PL72UMH,normal
normal/plate_0079.png,CY58JPP,normal
normal/plate_0080.png,UX34LCX,normal
normal/plate_0081.png,UV72AXR,normal
normal/plate_0082.png,EZ78NGA,normal
normal/plate_0083.png,MY77SDW,normal
normal/plate_0084.png,KB99YNT,normal
normal/plate_0085.png,RW32ECV,normal
normal/plate_0086.png,CL01BCN,normal
normal/plate_0087.png,GH54TTZ,normal
normal/plate_0088.png,KY32AGC,normal
normal/plate_0089.png,EK00BZY,normal
normal/plate_0090.png,DN30XZG,normal
normal/plate_0091.png,WV31URT,normal
normal/plate_0092.png,WF90WHB,normal
normal/plate_0093.png,PT15VKR,normal
normal/plate_0094.png,HA96SGW,normal
normal/plate_0095.png,DN76SZD,normal
normal/plate_0096.png,XN27NFV,normal
normal/plate_0097.png,UX98WAR,normal
normal/plate_0098.png,UG85UAL,normal
normal/plate_0099.png,MN51UUR,normal
normal/plate_0100.png,RU75XRB,normal
normal/plate_0101.png,FV06YXW,normal
normal/plate_0102.png,AE42NXZ,normal
normal/plate_0103.png,XJ46YWM,normal
normal/plate_0104.png,XP88YPM,normal
normal/plate_0105.png,PS36NKT,normal
normal/plate_0106.png,WU34KHP,normal
normal/plate_0107.png,AB73JFW,normal
normal/plate_0108.png,AH80CPE,normal
normal/plate_0109.png,CE79JYY,normal
normal/plate_0110.png,JF65FRJ,normal
normal/plate_0111.png,LC46BWX,normal
normal/plate_0112.png,SF81PRG,normal
normal/plate_0113.png,DF60TJT,normal
normal/plate_0114.png,WW51PSB,normal
normal/plate_0115.png,GJ38UTB,normal
normal/plate_0116.png,HD34ESM,normal
normal/plate_0117.png,XK36WMH,normal
normal/plate_0118.png,RW26LCR,normal
normal/plate_0119.png,VC57GYR,normal
normal/plate_0120.png,GB44LBA,normal
normal/plate_0121.png,FW58NRN,normal
normal/plate_0122.png,HP88DBC,normal
normal/plate_0123.png,UY82MHF,normal
normal/plate_0124.png,YY17HNW,normal
normal/plate_0125.png,AR16HJU,normal
normal/plate_0126.png,WJ45JMP,normal
normal/plate_0127.png,TT62PHV,normal
normal/plate_0128.png,TS40FEG,normal
normal/plate_0129.png,YD17PDY,normal
normal/plate_0130.png,NL68VNV,normal
normal/plate_0131.png,CM92EZW,normal
normal/plate_0132.png,RF28FJS,normal
normal/plate_0133.png,TX49SKV,normal
normal/plate_0134.png,UW81APC,normal
normal/plate_0135.png,MR26DPW,normal
normal/plate_0136.png,FZ01GXA,normal
normal/plate_0137.png,TL49BBK,normal
normal/plate_0138.png,YW98DES,normal
normal/plate_0139.png,UC47PFD,normal
normal/plate_0140.png,LH15NGB,normal
normal/plate_0141.png,UR24BUW,normal
normal/plate_0142.png,WS36RAS,normal
normal/plate_0143.png,TH06YHF,normal
normal/plate_0144.png,YA24HMA,normal
normal/plate_0145.png,KD47MGW,normal
normal/plate_0146.png,NC10XGL,normal
normal/plate_0147.png,FF95HHU,normal
normal/plate_0148.png,XE40NPY,normal
normal/plate_0149.png,NP94BTP,normal
normal/plate_0150.png,AV52UXT,normal
normal/plate_0151.png,LW17NLB,normal
normal/plate_0152.png,WX66TPP,normal
normal/plate_0153.png,JW71CAG,normal
normal/plate_0154.png,TP01NSY,normal
normal/plate_0155.png,JL05PPZ,normal
normal/plate_0156.png,LR14BEL,normal
normal/plate_0157.png,HT49HPU,normal
normal/plate_0158.png,WX30KXT,normal
normal/plate_0159.png,JK43XWJ,normal
normal/plate_0160.png,BR31RKJ,normal
normal/plate_0161.png,WS74SMW,normal
normal/plate_0162.png,HS67PUS,normal
normal/plate_0163.png,XG09VBB,normal
normal/plate_0164.png,LX65HLF,normal
normal/plate_0165.png,CC03KVY,normal
normal/plate_0166.png,RJ66CKK,normal
normal/plate_0167.png,UE90MZE,normal
normal/plate_0168.png,KA54SYH,normal
normal/plate_0169.png,VC47TLF,normal
normal/plate_0170.png,SX35CUY,normal
normal/plate_0171.png,TM34PLU,normal
normal/plate_0172.png,VT41FUN,normal
normal/plate_0173.png,VC80BGU,normal
normal/plate_0174.png,BV12CTL,normal
normal/plate_0175.png,HB30KKA,normal
normal/plate_0176.png,ZP34LKD,normal
normal/plate_0177.png,DA61ZNX,normal
normal/plate_0178.png,PT22YCX,normal
normal/plate_0179.png,CA05VHE,normal
normal/plate_0180.png,RJ85WSE,normal
normal/plate_0181.png,AZ28NAN,normal
normal/plate_0182.png,LB90JCX,normal
normal/plate_0183.png,ST88RNM,normal
normal/plate_0184.png,GU60JSV,normal
normal/plate_0185.png,LH82ZVK,normal
normal/plate_0186.png,PS30VLH,normal
normal/plate_0187.png,EV25YYU,normal
normal/plate_0188.png,PU46SPX,normal
normal/plate_0189.png,XG17LMY,normal
normal/plate_0190.png,NY26RLD,normal
normal/plate_0191.png,DW67TWP,normal
normal/plate_0192.png,LV72FJE,normal
normal/plate_0193.png,BC80JAG,normal
normal/plate_0194.png,LJ46AMH,normal
normal/plate_0195.png,NZ49VCD,normal
normal/plate_0196.png,ML38HAY,normal
normal/plate_0197.png,AR89ASL,normal
normal/plate_0198.png,FL31PJW,normal
normal/plate_0199.png,AM54WJX,normal
normal/plate_0200.png,VJ90SNZ,normal
normal/plate_0201.png,KW43YCY,normal
normal/plate_0202.png,NU55RGW,normal
normal/plate_0203.png,SM81XPN,normal
normal/plate_0204.png,AR14NVR,normal
normal/plate_0205.png,BT37KMZ,normal
normal/plate_0206.png,NR94VBS,normal
normal/plate_0207.png,VP76YHM,normal
normal/plate_0208.png,CG35DGW,normal
normal/plate_0209.png,VP71ZJT,normal
normal/plate_0210.png,NA82LFY,normal
normal/plate_0211.png,EY23FCJ,normal
normal/plate_0212.png,NL74XXJ,normal
normal/plate_0213.png,LC36RGT,normal
normal/plate_0214.png,JS14NYE,normal
normal/plate_0215.png,AT76KRS,normal
normal/plate_0216.png,ZC62DSE,normal
normal/plate_0217.png,XL64WPR,normal
normal/plate_0218.png,ZS03KEL,normal
normal/plate_0219.png,RA74FDL,normal
normal/plate_0220.png,UZ87MJT,normal
normal/plate_0221.png,RH51SKL,normal
normal/plate_0222.png,VL58XVZ,normal
normal/plate_0223.png,RB94CEJ,normal
normal/plate_0224.png,RN77YPB,normal
normal/plate_0225.png,HB33FJV,normal
normal/plate_0226.png,BV47GDU,normal
normal/plate_0227.png,SP11DBS,normal
normal/plate_0228.png,TL40GVA,normal
normal/plate_0229.png,CG82PUS,normal
normal/plate_0230.png,RV27CYC,normal
normal/plate_0231.png,FH33BEG,normal
normal/plate_0232.png,AN95XEG,normal
normal/plate_0233.png,UL48SLH,normal
normal/plate_0234.png,PK25LAS,normal
normal/plate_0235.png,SB19ZLU,normal
normal/plate_0236.png,CJ24VMP,normal
normal/plate_0237.png,CZ02TSK,normal
normal/plate_0238.png,TS92YZC,normal
normal/plate_0239.png,BH60SUL,normal
normal/plate_0240.png,CJ57WEH,normal
normal/plate_0241.png,SY20WEM,normal
normal/plate_0242.png,GS95TFV,normal
normal/plate_0243.png,RL74ZDK,normal
normal/plate_0244.png,SR36ZRS,normal
normal/plate_0245.png,DL64HTY,normal
normal/plate_0246.png,XA09KAW,normal
normal/plate_0247.png,BH69HBW,normal
normal/plate_0248.png,KC47LPV,normal
normal/plate_0249.png,VU35WPY,normal
normal/plate_0250.png,HN50BGE,normal
normal/plate_0251.png,ZL54YBZ,normal
normal/plate_0252.png,GK39NVA,normal
normal/plate_0253.png,TD33ASH,normal
normal/plate_0254.png,UM37FBH,normal
normal/plate_0255.png,BV40JEE,normal
normal/plate_0256.png,ST19CHM,normal
normal/plate_0257.png,MS16PHF,normal
normal/plate_0258.png,ZP35EAA,normal
normal/plate_0259.png,GY36ATB,normal
normal/plate_0260.png,DU93BJN,normal
normal/plate_0261.png,MX09NLN,normal
normal/plate_0262.png,KR23RGM,normal
normal/plate_0263.png,VM14MKW,normal
normal/plate_0264.png,SD16KMP,normal
normal/plate_0265.png,BE58MPL,normal
normal/plate_0266.png,DM48SYE,normal
normal/plate_0267.png,BY99UGV,normal
normal/plate_0268.png,BA09CKH,normal
normal/plate_0269.png,NE89SZG,normal
normal/plate_0270.png,BM67RDF,normal
normal/plate_0271.png,PB81FGV,normal
normal/plate_0272.png,KK42AEF,normal
normal/plate_0273.png,DU02NYN,normal
normal/plate_0274.png,VD19WEL,normal
normal/plate_0275.png,GC81DUX,normal
normal/plate_0276.png,VJ06RDK,normal
normal/plate_0277.png,YS94BRJ,normal
normal/plate_0278.png,NW41FXN,normal
normal/plate_0279.png,CY01AUW,normal
normal/plate_0280.png,UN98VJT,normal
normal/plate_0281.png,HX75VKW,normal
normal/plate_0282.png,AF14KKC,normal
normal/plate_0283.png,HV17YAG,normal
normal/plate_0284.png,DW77HDR,normal
normal/plate_0285.png,TN53WES,normal
normal/plate_0286.png,BP05MUX,normal
normal/plate_0287.png,MJ64NGV,normal
normal/plate_0288.png,ZD86NVE,normal
normal/plate_0289.png,BC56CPC,normal
normal/plate_0290.png,EX38KYN,normal
normal/plate_0291.png,TD77XHX,normal
normal/plate_0292.png,TN41SNC,normal
normal/plate_0293.png,CP76JAH,normal
normal/plate_0294.png,DF69HRV,normal
normal/plate_0295.png,XP86TDD,normal
normal/plate_0296.png,ZB62STS,normal
normal/plate_0297.png,AG23LTK,normal
normal/plate_0298.png,MS95MCV,normal
normal/plate_0299.png,MN76DDF,normal
normal/plate_0300.png,FX48ETR,normal
normal/plate_0301.png,KU52FAS,normal
normal/plate_0302.png,GX65CFW,normal
normal/plate_0303.png,PF30AGP,normal
normal/plate_0304.png,RL39DPV,normal
normal/plate_0305.png,KA33AJM,normal
normal/plate_0306.png,XD76KEV,normal
normal/plate_0307.png,DG15FZL,normal
normal/plate_0308.png,JB47NFL,normal
normal/plate_0309.png,UU82NBH,normal
normal/plate_0310.png,UP14EFW,normal
normal/plate_0311.png,WW11YGR,normal
normal/plate_0312.png,VM89RBD,normal
normal/plate_0313.png,EY89TVW,normal
normal/plate_0314.png,WE71XLZ,normal
normal/plate_0315.png,UW86TXD,normal
normal/plate_0316.png,VW44LRY,normal
normal/plate_0317.png,XH47MVD,normal
normal/plate_0318.png,WZ96MTL,normal
normal/plate_0319.png,ZG07XYD,normal
normal/plate_0320.png,FE33ZZT,normal
normal/plate_0321.png,YN53FRH,normal
normal/plate_0322.png,WL09HZM,normal
normal/plate_0323.png,MV47NDF,normal
normal/plate_0324.png,EF28XHX,normal
normal/plate_0325.png,PG56ASS,normal
normal/plate_0326.png,BA82ZHN,normal
normal/plate_0327.png,YA61RWB,normal
normal/plate_0328.png,SF16FCU,normal
normal/plate_0329.png,LH07CFF,normal
normal/plate_0330.png,UU72UEB,normal
normal/plate_0331.png,ZP58VLE,normal
normal/plate_0332.png,LF57GRU,normal
normal/plate_0333.png,PC29TTW,normal
normal/plate_0334.png,JD70ALG,normal
normal/plate_0335.png,SV51ERV,normal
normal/plate_0336.png,VW19UYJ,normal
normal/plate_0337.png,DB74BKH,normal
normal/plate_0338.png,VA07BDS,normal
normal/plate_0339.png,CA29SMW,normal
normal/plate_0340.png,JF52NYY,normal
normal/plate_0341.png,MC33RWH,normal
normal/plate_0342.png,LL71RKW,normal
normal/plate_0343.png,FK05RJJ,normal
normal/plate_0344.png,BZ85ZCU,normal
normal/plate_0345.png,BY73XJZ,normal
normal/plate_0346.png,UF98SUD,normal
normal/plate_0347.png,DS84YSF,normal
normal/plate_0348.png,TT97VUT,normal
normal/plate_0349.png,VZ36AZL,normal
normal/plate_0350.png,TK47WHP,normal
normal/plate_0351.png,RA65WJT,normal
normal/plate_0352.png,XZ71UPX,normal
normal/plate_0353.png,US80NPC,normal
normal/plate_0354.png,UY82LEC,normal
normal/plate_0355.png,UT28KRB,normal
normal/plate_0356.png,AG66TPK,normal
normal/plate_0357.png,HE08SRU,normal
normal/plate_0358.png,XZ57HLP,normal
normal/plate_0359.png,BE73XYE,normal
normal/plate_0360.png,TW39RRX,normal
normal/plate_0361.png,NL69AKJ,normal
normal/plate_0362.png,RZ70AYP,normal
normal/plate_0363.png,BC20HHV,normal
normal/plate_0364.png,CB80DMG,normal
normal/plate_0365.png,PY95RZV,normal
normal/plate_0366.png,ZX17DKT,normal
normal/plate_0367.png,RY88FCN,normal
normal/plate_0368.png,YE76WJR,normal
normal/plate_0369.png,KA29GPH,normal
normal/plate_0370.png,VV00KSW,normal
normal/plate_0371.png,HJ85SCG,normal
normal/plate_0372.png,FW13TCH,normal
normal/plate_0373.png,MF31VDY,normal
normal/plate_0374.png,XN70KZZ,normal
normal/plate_0375.png,DH32AHJ,normal
normal/plate_0376.png,ZX72HCN,normal
normal/plate_0377.png,ZR03VWN,normal
normal/plate_0378.png,ZE33ZRB,normal
normal/plate_0379.png,GA65USK,normal
normal/plate_0380.png,LU25ULJ,normal
normal/plate_0381.png,SU83UZS,normal
normal/plate_0382.png,JT67ZJD,normal
normal/plate_0383.png,TD14JCM,normal
normal/plate_0384.png,CC89FNA,normal
normal/plate_0385.png,HS71JAG,normal
normal/plate_0386.png,WP22SEH,normal
normal/plate_0387.png,MY09LYX,normal
normal/plate_0388.png,JA34TXJ,normal
normal/plate_0389.png,KF95JKW,normal
normal/plate_0390.png,AA16ZCX,normal
normal/plate_0391.png,PJ89SZC,normal
normal/plate_0392.png,HB49KUK,normal
normal/plate_0393.png,XG72YUS,normal
normal/plate_0394.png,CL88ECT,normal
normal/plate_0395.png,KN44NZX,normal
normal/plate_0396.png,YT85ZFH,normal
normal/plate_0397.png,LD21XUA,normal
normal/plate_0398.png,UG95RCP,normal
normal/plate_0399.png,AR03STB,normal
hard/plate_0000.png,TH48JWE,hard
hard/plate_0001.png,LN57EPS,hard
hard/plate_0002.png,LE20FPF,hard
hard/plate_0003.png,ZB74BNH,hard
hard/plate_0004.png,AB53NPW,hard
hard/plate_0005.png,HS22LVG,hard
hard/plate_0006.png,GR04GGH,hard
hard/plate_0007.png,AJ73RDV,hard
hard/plate_0008.png,ZM44ZED,hard
hard/plate_0009.png,WP88MWG,hard
hard/plate_0010.png,YG15AHF,hard
hard/plate_0011.png,XT60NXR,hard
hard/plate_0012.png,HT52KES,hard
hard/plate_0013.png,WK03UVM,hard
hard/plate_0014.png,ER36YNH,hard
hard/plate_0015.png,WC66ADV,hard
hard/plate_0016.png,UV37TMW,hard
hard/plate_0017.png,YY58DAK,hard
hard/plate_0018.png,BZ52TVA,hard
hard/plate_0019.png,RJ34MBW,hard
hard/plate_0020.png,WX24HKH,hard
hard/plate_0021.png,LK69KNP,hard
hard/plate_0022.png,DL03VYN,hard
hard/plate_0023.png,HG35EUP,hard
hard/plate_0024.png,DA12KMR,hard
hard/plate_0025.png,MB55DVD,hard
hard/plate_0026.png,EW32UZM,hard
hard/plate_0027.png,JB03SYC,hard
hard/plate_0028.png,EB30NVM,hard
hard/plate_0029.png,HY99HGB,hard
hard/plate_0030.png,UY89DAV,hard
hard/plate_0031.png,TD64DZU,hard
hard/plate_0032.png,JP95JJV,hard
hard/plate_0033.png,WU39XUM,hard
hard/plate_0034.png,PF53YXU,hard
hard/plate_0035.png,SK68LVA,hard
hard/plate_0036.png,WT24NUW,hard
hard/plate_0037.png,SE31ZEL,hard
hard/plate_0038.png,FD50LEA,hard
hard/plate_0039.png,YE32EZZ,hard
hard/plate_0040.png,AU78HJZ,hard
hard/plate_0041.png,EH13SWV,hard
hard/plate_0042.png,WP35MTS,hard
hard/plate_0043.png,EL44FEX,hard
hard/plate_0044.png,FT72AJR,hard
hard/plate_0045.png,XS53CYG,hard
hard/plate_0046.png,JJ30XDA,hard
hard/plate_0047.png,WS11YMH,hard
hard/plate_0048.png,KW97MZU,hard
hard/plate_0049.png,DM99ESW,hard
hard/plate_0050.png,LJ80RAK,hard
hard/plate_0051.png,RA36NPM,hard
hard/plate_0052.png,VG86UFS,hard
hard/plate_0053.png,VF06NYN,hard
hard/plate_0054.png,DT46MDE,hard
hard/plate_0055.png,TD16LVM,hard
hard/plate_0056.png,GZ65VSF,hard
hard/plate_0057.png,VM38AUX,hard
hard/plate_0058.png,CH91LKT,hard
hard/plate_0059.png,DN47ZWA,hard
hard/plate_0060.png,HN72BVY,hard
hard/plate_0061.png,MW71YXM,hard
hard/plate_0062.png,XF60VPT,hard
hard/plate_0063.png,SV43ZGP,hard
hard/plate_0064.png,LT76NWJ,hard
hard/plate_0065.png,EJ05HRS,hard
hard/plate_0066.png,MJ80STA,hard
hard/plate_0067.png,JA73RGB,hard
hard/plate_0068.png,TH87XVP,hard
hard/plate_0069.png,ES39WSJ,hard
hard/plate_0070.png,DY95DNK,hard
hard/plate_0071.png,MJ78VGL,hard
hard/plate_0072.png,SC81FWF,hard
hard/plate_0073.png,GH76TRA,hard
hard/plate_0074.png,SB78GUY,hard
hard/plate_0075.png,YA44WES,hard
hard/plate_0076.png,ST59TJJ,hard
hard/plate_0077.png,ZL26WWB,hard
hard/plate_0078.png,HM65JAH,hard
hard/plate_0079.png,WM31ULA,hard
hard/plate_0080.png,ZB93BMK,hard
hard/plate_0081.png,XY53TDM,hard
hard/plate_0082.png,MM76TTY,hard
hard/plate_0083.png,DY50ZKT,hard
hard/plate_0084.png,PW55MWZ,hard
hard/plate_0085.png,RX77JMV,hard
hard/plate_0086.png,BZ45MWK,hard
hard/plate_0087.png,SD25MVH,hard
hard/plate_0088.png,NM31KMD,hard
hard/plate_0089.png,MP21PUY,hard
hard/plate_0090.png,VC08PZB,hard
hard/plate_0091.png,BW31YYP,hard
hard/plate_0092.png,GF02NKB,hard
hard/plate_0093.png,XR82XCU,hard
hard/plate_0094.png,AU34TZC,hard
hard/plate_0095.png,FS96PHR,hard
hard/plate_0096.png,JN93VWZ,hard
hard/plate_0097.png,UV64VNN,hard
hard/plate_0098.png,XE46USE,hard
hard/plate_0099.png,TL78HBJ,hard
hard/plate_0100.png,NU00MLC,hard
hard/plate_0101.png,JP53JJF,hard
hard/plate_0102.png,TM05PMX,hard
hard/plate_0103.png,PP32SYV,hard
hard/plate_0104.png,ME29CTJ,hard
hard/plate_0105.png,WP11KGL,hard
hard/plate_0106.png,ED68VRK,hard
hard/plate_0107.png,PP65NBF,hard
hard/plate_0108.png,YH67BER,hard
hard/plate_0109.png,CF18CNR,hard
hard/plate_0110.png,VZ51PLS,hard
hard/plate_0111.png,YL19AEB,hard
hard/plate_0112.png,HP33ALS,hard
hard/plate_0113.png,XX21RAJ,hard
hard/plate_0114.png,CR85NTD,hard
hard/plate_0115.png,MV16WUG,hard
hard/plate_0116.png,XK52LVG,hard
hard/plate_0117.png,XF71VYF,hard
hard/plate_0118.png,WH60VXC,hard
hard/plate_0119.png,YY87RSS,hard
hard/plate_0120.png,KP07RGX,hard
hard/plate_0121.png,HV74TYW,hard
hard/plate_0122.png,SS48RKS,hard
hard/plate_0123.png,DF52BCW,hard
hard/plate_0124.png,YB31HUS,hard
hard/plate_0125.png,WY48SJS,hard
hard/plate_0126.png,CR78PLA,hard
hard/plate_0127.png,VC74GCE,hard
hard/plate_0128.png,BW48BGN,hard
hard/plate_0129.png,TU55ANV,hard
hard/plate_0130.png,WG54VED,hard
hard/plate_0131.png,HM75GTK,hard
hard/plate_0132.png,YF62KLL,hard
hard/plate_0133.png,SC73YKH,hard
hard/plate_0134.png,TC07VMD,hard
hard/plate_0135.png,WL64YCT,hard
hard/plate_0136.png,PZ58DRX,hard
hard/plate_0137.png,DX42VVW,hard
hard/plate_0138.png,PL20DFZ,hard
hard/plate_0139.png,KU18ERF,hard
hard/plate_0140.png,LG21UXA,hard
hard/plate_0141.png,AE24NFN,hard
hard/plate_0142.png,RS60KEW,hard
hard/plate_0143.png,SS21BRX,hard
hard/plate_0144.png,SE47EMJ,hard
hard/plate_0145.png,ZH98LZF,hard
hard/plate_0146.png,TA70JFX,hard
hard/plate_0147.png,GL34ZRB,hard
hard/plate_0148.png,NG57NTP,hard
hard/plate_0149.png,FF59LLD,hard
hard/plate_0150.png,DA96SKL,hard
hard/plate_0151.png,EE34EPZ,hard
hard/plate_0152.png,RC89XVH,hard
hard/plate_0153.png,SG11KWG,hard
hard/plate_0154.png,AA38DTA,hard
hard/plate_0155.png,ET46CPX,hard
hard/plate_0156.png,GX47JGG,hard
hard/plate_0157.png,LR94EBS,hard
hard/plate_0158.png,ZT98VUS,hard
hard/plate_0159.png,CU93WRX,hard
hard/plate_0160.png,RH41UUY,hard
hard/plate_0161.png,VD85HYN,hard
hard/plate_0162.png,PR02BRX,hard
hard/plate_0163.png,BR89YPR,hard
hard/plate_0164.png,BR20JAW,hard
hard/plate_0165.png,ZK86PSC,hard
hard/plate_0166.png,DT77AHH,hard
hard/plate_0167.png,SY49YBG,hard
hard/plate_0168.png,FK70KTD,hard
hard/plate_0169.png,DF75WCS,hard
hard/plate_0170.png,ZL36ELC,hard
hard/plate_0171.png,NX93BBM,hard
hard/plate_0172.png,YE56DDP,hard
hard/plate_0173.png,LU26TEX,hard
hard/plate_0174.png,MT03YXL,hard
hard/plate_0175.png,GM44EMF,hard
hard/plate_0176.png,AN98TEN,hard
hard/plate_0177.png,KX60VDE,hard
hard/plate_0178.png,WH24RAR,hard
hard/plate_0179.png,YZ94HYX,hard
hard/plate_0180.png,PJ54WZM,hard
hard/plate_0181.png,DT32EYJ,hard
hard/plate_0182.png,JN55DCF,hard
hard/plate_0183.png,YX59MFT,hard
hard/plate_0184.png,RG27TGW,hard
hard/plate_0185.png,ZT69YNL,hard
hard/plate_0186.png,VM07WGH,hard
hard/plate_0187.png,FY75WXZ,hard
hard/plate_0188.png,JM23WXZ,hard
hard/plate_0189.png,WA32GAU,hard
hard/plate_0190.png,RT86SXM,hard
hard/plate_0191.png,HN69KYN,hard
hard/plate_0192.png,LB46EDS,hard
hard/plate_0193.png,BR88YZP,hard
hard/plate_0194.png,RX26KCT,hard
hard/plate_0195.png,MY98EJH,hard
hard/plate_0196.png,ZV20HYF,hard
hard/plate_0197.png,TV59DMH,hard
hard/plate_0198.png,WB30GJC,hard
hard/plate_0199.png,RA70PBA,hard
hard/plate_0200.png,KG68RCY,hard
hard/plate_0201.png,LJ58PPD,hard
hard/plate_0202.png,FP34YVF,hard
hard/plate_0203.png,DG20KZJ,hard
hard/plate_0204.png,LP89HVC,hard
hard/plate_0205.png,NN47NBU,hard
hard/plate_0206.png,UT78EVU,hard
hard/plate_0207.png,UR38PYJ,hard
hard/plate_0208.png,GV33ACD,hard
hard/plate_0209.png,LC43PWR,hard
hard/plate_0210.png,NP96HYG,hard
hard/plate_0211.png,ZD99VDP,hard
hard/plate_0212.png,MD79RGP,hard
hard/plate_0213.png,WL20GUY,hard
hard/plate_0214.png,JP22BDN,hard
hard/plate_0215.png,JA30XSL,hard
hard/plate_0216.png,MA93HFT,hard
hard/plate_0217.png,DY82HYL,hard
hard/plate_0218.png,LL48DKR,hard
hard/plate_0219.png,EC50XDG,hard
hard/plate_0220.png,SG39CEW,hard
hard/plate_0221.png,KF11PYF,hard
hard/plate_0222.png,JG29PVC,hard
hard/plate_0223.png,TB87ULY,hard
hard/plate_0224.png,PX77LKN,hard
hard/plate_0225.png,MX68KCL,hard
hard/plate_0226.png,NV65ZVM,hard
hard/plate_0227.png,JT42CAV,hard
hard/plate_0228.png,JC42PKG,hard
hard/plate_0229.png,YG92FWX,hard
hard/plate_0230.png,GW08RUG,hard
hard/plate_0231.png,ZU36YAY,hard
hard/plate_0232.png,SF66VEG,hard
hard/plate_0233.png,BY47FGY,hard
hard/plate_0234.png,NT62TUN,hard
hard/plate_0235.png,XY95CTP,hard
hard/plate_0236.png,NV34SPV,hard
hard/plate_0237.png,FA16GDT,hard
hard/plate_0238.png,KA98FCF,hard
hard/plate_0239.png,RS56VZZ,hard
hard/plate_0240.png,KK83JGT,hard
hard/plate_0241.png,SE82BJB,hard
hard/plate_0242.png,NY00MWZ,hard
hard/plate_0243.png,DD67VMK,hard
hard/plate_0244.png,UP29AFL,hard
hard/plate_0245.png,LG04YAM,hard
hard/plate_0246.png,SR03STJ,hard
hard/plate_0247.png,LZ01SFR,hard
hard/plate_0248.png,FC34APG,hard
hard/plate_0249.png,SC17BYN,hard
hard/plate_0250.png,YW04XKU,hard
hard/plate_0251.png,ZN77PCV,hard
hard/plate_0252.png,BE23UAJ,hard
hard/plate_0253.png,FU48VUS,hard
hard/plate_0254.png,FZ40WHV,hard
hard/plate_0255.png,NY52ZHW,hard
hard/plate_0256.png,NX20DPP,hard
hard/plate_0257.png,FT86FGG,hard
hard/plate_0258.png,RL49JKV,hard
hard/plate_0259.png,WD16JSX,hard
hard/plate_0260.png,SM91MHA,hard
hard/plate_0261.png,RU24LGC,hard
hard/plate_0262.png,XC46APP,hard
hard/plate_0263.png,CT79ZXB,hard
hard/plate_0264.png,AJ02SFU,hard
hard/plate_0265.png,KE50RWN,hard
hard/plate_0266.png,AX73SFH,hard
hard/plate_0267.png,SZ63SZW,hard
hard/plate_0268.png,XD05VGW,hard
hard/plate_0269.png,UX69XNP,hard
hard/plate_0270.png,EN22NKX,hard
hard/plate_0271.png,FJ37RVL,hard
hard/plate_0272.png,EL12FLU,hard
hard/plate_0273.png,JV65FGW,hard
hard/plate_0274.png,CL91EKE,hard
hard/plate_0275.png,WK61KEP,hard
hard/plate_0276.png,TF65WGY,hard
hard/plate_0277.png,BT54KCT,hard
hard/plate_0278.png,YC09HPS,hard
hard/plate_0279.png,GJ81WLZ,hard
hard/plate_0280.png,GZ33XCG,hard
hard/plate_0281.png,RK15XDK,hard
hard/plate_0282.png,VR30FVK,hard
hard/plate_0283.png,FM82UJT,hard
hard/plate_0284.png,ZZ94LNY,hard
hard/plate_0285.png,TN78MLJ,hard
hard/plate_0286.png,YH67EXL,hard
hard/plate_0287.png,YH16DHY,hard
hard/plate_0288.png,ZY32UNS,hard
hard/plate_0289.png,PY61PPU,hard
hard/plate_0290.png,CH39LPG,hard
hard/plate_0291.png,KU69SUK,hard
hard/plate_0292.png,NV22MVC,hard
hard/plate_0293.png,TP37YXA,hard
hard/plate_0294.png,MN94FWT,hard
hard/plate_0295.png,ZR46GLE,hard
hard/plate_0296.png,YZ95TYP,hard
hard/plate_0297.png,GX66NNH,hard
hard/plate_0298.png,WB29JAH,hard
hard/plate_0299.png,DV50HBM,hard
hard/plate_0300.png,FW83TTF,hard
hard/plate_0301.png,ET22ZND,hard
hard/plate_0302.png,JL77PNC,hard
hard/plate_0303.png,NR83EGV,hard
hard/plate_0304.png,PN18LYH,hard
hard/plate_0305.png,DC20VWP,hard
hard/plate_0306.png,RX19XZA,hard
hard/plate_0307.png,NJ90VLJ,hard
hard/plate_0308.png,DE92PPE,hard
hard/plate_0309.png,RA00CVY,hard
hard/plate_0310.png,VH90UWJ,hard
hard/plate_0311.png,XZ25XCD,hard
hard/plate_0312.png,WW90YHE,hard
hard/plate_0313.png,CG40XGV,hard
hard/plate_0314.png,GX97ZAF,hard
hard/plate_0315.png,TP05RRN,hard
hard/plate_0316.png,RL74BMT,hard
hard/plate_0317.png,FN55RCG,hard
hard/plate_0318.png,KY88ELE,hard
hard/plate_0319.png,HH85CLR,hard
hard/plate_0320.png,CV34PLZ,hard
hard/plate_0321.png,EH49MEJ,hard
hard/plate_0322.png,GF42RCN,hard
hard/plate_0323.png,GX70GYU,hard
hard/plate_0324.png,VJ12ZHE,hard
hard/plate_0325.png,CU92LUT,hard
hard/plate_0326.png,AK79UNM,hard
hard/plate_0327.png,UL64XGK,hard
hard/plate_0328.png,NR36GCN,hard
hard/plate_0329.png,WB84YSK,hard
hard/plate_0330.png,PH66FET,hard
hard/plate_0331.png,DX08KTP,hard
hard/plate_0332.png,WY53TXW,hard
hard/plate_0333.png,HE16MBF,hard
hard/plate_0334.png,WT50FHY,hard
hard/plate_0335.png,JR95MJC,hard
hard/plate_0336.png,XF08VYM,hard
hard/plate_0337.png,ZE49CHW,hard
hard/plate_0338.png,KK03SXN,hard
hard/plate_0339.png,KU63EVX,hard
hard/plate_0340.png,GR72DBW,hard
hard/plate_0341.png,NT84TNL,hard
hard/plate_0342.png,SJ12AUD,hard
hard/plate_0343.png,MD60ENW,hard
hard/plate_0344.png,TC75EJX,hard
hard/plate_0345.png,HW52ZNB,hard
hard/plate_0346.png,KR54SGY,hard
hard/plate_0347.png,LV77HWN,hard
hard/plate_0348.png,AK17LPW,hard
hard/plate_0349.png,VV16LTR,hard
hard/plate_0350.png,LS28CUE,hard
hard/plate_0351.png,NA84DZM,hard
hard/plate_0352.png,SA71PWJ,hard
hard/plate_0353.png,BP40RWS,hard
hard/plate_0354.png,SV92MDX,hard
hard/plate_0355.png,YH71BZL,hard
hard/plate_0356.png,DS43ZAJ,hard
hard/plate_0357.png,AR12RVZ,hard
hard/plate_0358.png,ZK38UXD,hard
hard/plate_0359.png,VC58KPJ,hard
hard/plate_0360.png,LZ50YFN,hard
hard/plate_0361.png,LK05HXF,hard
hard/plate_0362.png,AM81HTB,hard
hard/plate_0363.png,LD07AMY,hard
hard/plate_0364.png,YV98VPX,hard
hard/plate_0365.png,VR51VGS,hard
hard/plate_0366.png,SP21GJP,hard
hard/plate_0367.png,RB81ADJ,hard
hard/plate_0368.png,KU12NTD,hard
hard/plate_0369.png,UD40GGK,hard
hard/plate_0370.png,YP99BXF,hard
hard/plate_0371.png,PJ28DEZ,hard
hard/plate_0372.png,LW12NAV,hard
hard/plate_0373.png,TX13AKV,hard
hard/plate_0374.png,VL32EHA,hard
hard/plate_0375.png,MS45UND,hard
hard/plate_0376.png,ST85VUT,hard
hard/plate_0377.png,PU31FSL,hard
hard/plate_0378.png,ET01RSC,hard
hard/plate_0379.png,DX43WCA,hard
hard/plate_0380.png,JS72BZD,hard
hard/plate_0381.png,WM33KEE,hard
hard/plate_0382.png,FD88MFC,hard
hard/plate_0383.png,KF04RLZ,hard
hard/plate_0384.png,VF85HEX,hard
hard/plate_0385.png,CT98PGZ,hard
hard/plate_0386.png,RF35XBC,hard
hard/plate_0387.png,SY79CZS,hard
hard/plate_0388.png,WB62LCL,hard
hard/plate_0389.png,AA45TZS,hard
hard/plate_0390.png,TG05DRD,hard
hard/plate_0391.png,SR34ENL,hard
hard/plate_0392.png,FT06CYV,hard
hard/plate_0393.png,RD24HMN,hard
hard/plate_0394.png,UR67GLA,hard
hard/plate_0395.png,CF61JWZ,hard
hard/plate_0396.png,BV51XWL,hard
hard/plate_0397.png,TR04TDC,hard
hard/plate_0398.png,XF95VUN,hard
hard/plate_0399.png,DL48FSA,hard
